ID,EID,SFID,SF,LACT,BDAT,CBRD,GNDR,BW8T,TECH,Event,AGE,Date,Remark,Protocols,Technician
1031597,840003286115132,31597,1,0,12/31/2024,J    ,F     ,59,0,TOGROWR    ,1,1/1/2025,                ,                ,
1031598,840003286115138,31598,1,0,12/31/2024,J    ,F     ,74,0,TOGROWR    ,1,1/1/2025,                ,                ,
1031599,840003286115134,31599,1,0,12/31/2024,J    ,F     ,57,0,TOGROWR    ,1,1/1/2025,                ,                ,
1031600,840003286115130,31600,1,0,12/31/2024,J    ,F     ,59,0,TOGROWR    ,1,1/1/2025,                ,                ,
1031601,840003286115133,31601,1,0,12/31/2024,J    ,F     ,52,0,TOGROWR    ,1,1/1/2025,                ,                ,
1031602,840003286115129,31602,1,0,12/31/2024,J    ,F     ,50,0,TOGROWR    ,1,1/1/2025,                ,                ,
1031603,840003286115128,31603,1,0,1/1/2025,J    ,F     ,63,0,TOGROWR    ,1,1/2/2025,                ,                ,
1031604,840003286115136,31604,1,0,1/1/2025,J    ,F     ,62,0,TOGROWR    ,1,1/2/2025,                ,                ,
1031605,840003286115137,31605,1,0,1/1/2025,H    ,F     ,72,0,TOGROWR    ,1,1/2/2025,                ,                ,
1031606,840003286115123,31606,1,0,1/1/2025,J    ,F     ,60,0,TOGROWR    ,1,1/2/2025,                ,                ,
1031607,840003286115124,31607,1,0,1/1/2025,H    ,F     ,83,0,TOGROWR    ,1,1/2/2025,                ,                ,
1031608,840003286115103,31608,1,0,1/1/2025,H    ,F     ,80,0,TOGROWR    ,1,1/2/2025,                ,                ,
1031609,840003286115125,31609,1,0,1/1/2025,H    ,F     ,90,0,TOGROWR    ,1,1/2/2025,                ,                ,
1031610,840003286115126,31610,1,0,1/1/2025,J    ,F     ,60,0,TOGROWR    ,1,1/2/2025,                ,                ,
1031611,840003286115141,31611,1,0,1/1/2025,J    ,F     ,61,0,TOGROWR    ,1,1/2/2025,                ,                ,
1031612,840003286115140,31612,1,0,1/1/2025,J    ,F     ,75,0,TOGROWR    ,1,1/2/2025,                ,                ,
1031613,840003286114759,31613,1,0,1/2/2025,J    ,F     ,55,0,TOGROWR    ,1,1/3/2025,                ,                ,
1031614,840003286114743,31614,1,0,1/1/2025,J    ,F     ,72,0,TOGROWR    ,1,1/2/2025,                ,                ,
1031615,840003286114760,31615,1,0,1/2/2025,X    ,F     ,70,0,TOGROWR    ,1,1/3/2025,                ,                ,
1031616,840003286114761,31616,1,0,1/2/2025,X    ,F     ,75,0,TOGROWR    ,1,1/3/2025,                ,                ,
1031617,840003286114755,31617,1,0,1/2/2025,H    ,F     ,81,0,TOGROWR    ,1,1/3/2025,                ,                ,
1031618,840003286114751,31618,1,0,1/2/2025,H    ,F     ,83,0,TOGROWR    ,1,1/3/2025,                ,                ,
1031619,840003286114752,31619,1,0,1/2/2025,J    ,F     ,58,0,TOGROWR    ,1,1/3/2025,                ,                ,
1031620,840003286114762,31620,1,0,1/2/2025,J    ,F     ,53,0,TOGROWR    ,1,1/3/2025,                ,                ,
1031621,840003286114758,31621,1,0,1/2/2025,J    ,F     ,61,0,TOGROWR    ,1,1/3/2025,                ,                ,
1031622,840003286114756,31622,1,0,1/2/2025,J    ,F     ,58,0,TOGROWR    ,1,1/3/2025,                ,                ,
1031623,840003286114757,31623,1,0,1/2/2025,J    ,F     ,67,0,TOGROWR    ,1,1/3/2025,                ,                ,
1031624,840003286114747,31624,1,0,1/2/2025,H    ,F     ,83,0,TOGROWR    ,1,1/3/2025,                ,                ,
1031625,840003286114748,31625,1,0,1/2/2025,J    ,F     ,55,0,TOGROWR    ,1,1/3/2025,                ,                ,
1031626,840003286114753,31626,1,0,1/2/2025,J    ,F     ,60,0,TOGROWR    ,1,1/3/2025,                ,                ,
1031627,840003286114754,31627,1,0,1/2/2025,H    ,F     ,74,0,TOGROWR    ,1,1/3/2025,                ,                ,
1031628,840003286114750,31628,1,0,1/3/2025,H    ,F     ,89,0,TOGROWR    ,1,1/4/2025,                ,                ,
1031629,840003286114749,31629,1,0,1/2/2025,J    ,F     ,59,0,TOGROWR    ,1,1/3/2025,                ,                ,
1031630,840003286114746,31630,1,0,1/3/2025,J    ,F     ,60,0,TOGROWR    ,1,1/4/2025,                ,                ,
1031631,840003286114745,31631,1,0,1/3/2025,J    ,F     ,62,0,TOGROWR    ,1,1/4/2025,                ,                ,
1031632,840003286114744,31632,1,0,1/3/2025,J    ,F     ,70,0,TOGROWR    ,1,1/4/2025,                ,                ,
1031633,840003286114774,31633,1,0,1/3/2025,H    ,F     ,72,0,TOGROWR    ,1,1/4/2025,                ,                ,
1031634,840003286114766,31634,1,0,1/3/2025,J    ,F     ,57,0,TOGROWR    ,1,1/4/2025,                ,                ,
1031635,840003286114769,31635,1,0,1/3/2025,H    ,F     ,97,0,TOGROWR    ,1,1/4/2025,                ,                ,
1031636,840003286114770,31636,1,0,1/3/2025,J    ,F     ,65,0,TOGROWR    ,1,1/4/2025,                ,                ,
1031637,840003286114765,31637,1,0,1/4/2025,J    ,F     ,76,0,TOGROWR    ,1,1/5/2025,                ,                ,
1031638,840003286114768,31638,1,0,1/4/2025,J    ,F     ,73,0,TOGROWR    ,1,1/5/2025,                ,                ,
1031639,840003286114764,31639,1,0,1/4/2025,H    ,F     ,79,0,TOGROWR    ,1,1/5/2025,                ,                ,
1031640,840003286114773,31640,1,0,1/4/2025,H    ,F     ,92,0,TOGROWR    ,1,1/5/2025,                ,                ,
1031641,840003286114772,31641,1,0,1/4/2025,J    ,F     ,62,0,TOGROWR    ,1,1/5/2025,                ,                ,
1031642,840003286114767,31642,1,0,1/4/2025,H    ,F     ,83,0,TOGROWR    ,1,1/5/2025,                ,                ,
1031643,840003286114771,31643,1,0,1/4/2025,J    ,F     ,84,0,TOGROWR    ,1,1/5/2025,                ,                ,
1031644,840003286114794,31644,1,0,1/5/2025,J    ,F     ,66,0,TOGROWR    ,1,1/6/2025,                ,                ,
1031645,840003286114798,31645,1,0,1/5/2025,J    ,F     ,78,0,TOGROWR    ,1,1/6/2025,                ,                ,
1031646,840003286114776,31646,1,0,1/4/2025,J    ,F     ,63,0,TOGROWR    ,1,1/5/2025,                ,                ,
1031647,840003286114782,31647,1,0,1/4/2025,H    ,F     ,81,0,TOGROWR    ,1,1/5/2025,                ,                ,
1031648,840003286114777,31648,1,0,1/5/2025,H    ,F     ,78,0,TOGROWR    ,1,1/6/2025,                ,                ,
1031649,840003286114778,31649,1,0,1/5/2025,J    ,F     ,68,0,TOGROWR    ,1,1/6/2025,                ,                ,
1031650,840003286114780,31650,1,0,1/5/2025,J    ,F     ,57,0,TOGROWR    ,1,1/6/2025,                ,                ,
1031651,840003286114781,31651,1,0,1/5/2025,H    ,F     ,87,0,TOGROWR    ,1,1/6/2025,                ,                ,
1031652,840003286114799,31652,1,0,1/5/2025,J    ,F     ,78,0,TOGROWR    ,1,1/6/2025,                ,                ,
1031653,840003286114763,31653,1,0,1/5/2025,H    ,F     ,88,0,TOGROWR    ,1,1/6/2025,                ,                ,
1031654,840003286114795,31654,1,0,1/5/2025,J    ,F     ,53,0,TOGROWR    ,1,1/6/2025,                ,                ,
1031655,840003286114807,31655,1,0,1/7/2025,J    ,F     ,62,0,TOGROWR    ,1,1/8/2025,                ,                ,
1031656,840003286114790,31656,1,0,1/5/2025,J    ,F     ,54,0,TOGROWR    ,1,1/6/2025,                ,                ,
1031657,840003286114797,31657,1,0,1/5/2025,J    ,F     ,56,0,TOGROWR    ,1,1/6/2025,                ,                ,
1031658,840003286114800,31658,1,0,1/6/2025,J    ,F     ,40,0,TOGROWR    ,1,1/7/2025,                ,                ,
1031659,840003286114786,31659,1,0,1/6/2025,J    ,F     ,62,0,TOGROWR    ,1,1/7/2025,                ,                ,
1031660,840003286114789,31660,1,0,1/6/2025,H    ,F     ,90,0,TOGROWR    ,1,1/7/2025,                ,                ,
1031661,840003286114796,31661,1,0,1/5/2025,J    ,F     ,70,0,TOGROWR    ,1,1/6/2025,                ,                ,
1031662,840003286114785,31662,1,0,1/6/2025,J    ,F     ,69,0,TOGROWR    ,1,1/7/2025,                ,                ,
1031663,840003286114783,31663,1,0,1/6/2025,J    ,F     ,50,0,TOGROWR    ,1,1/7/2025,                ,                ,
1031664,840003286114784,31664,1,0,1/6/2025,J    ,F     ,68,0,TOGROWR    ,1,1/7/2025,                ,                ,
1031665,840003286114787,31665,1,0,1/6/2025,J    ,F     ,65,0,TOGROWR    ,1,1/7/2025,                ,                ,
1031666,840003286114788,31666,1,0,1/6/2025,J    ,F     ,55,0,TOGROWR    ,1,1/7/2025,                ,                ,
1031667,840003286114791,31667,1,0,1/6/2025,J    ,F     ,68,0,TOGROWR    ,1,1/7/2025,                ,                ,
1031668,840003286114792,31668,1,0,1/6/2025,J    ,F     ,85,0,TOGROWR    ,1,1/7/2025,                ,                ,
1031669,840003286114802,31669,1,0,1/6/2025,J    ,F     ,70,0,TOGROWR    ,1,1/7/2025,                ,                ,
1031670,840003286114801,31670,1,0,1/6/2025,J    ,F     ,68,0,TOGROWR    ,1,1/7/2025,                ,                ,
1031671,840003286114819,31671,1,0,1/7/2025,H    ,F     ,85,0,TOGROWR    ,1,1/8/2025,                ,                ,
1031672,840003286114808,31672,1,0,1/7/2025,H    ,F     ,90,0,TOGROWR    ,1,1/8/2025,                ,                ,
1031673,840003286114813,31673,1,0,1/8/2025,J    ,F     ,58,0,TOGROWR    ,1,1/9/2025,                ,                ,
1031674,840003286114811,31674,1,0,1/7/2025,J    ,F     ,59,0,TOGROWR    ,1,1/8/2025,                ,                ,
1031675,840003286114815,31675,1,0,1/7/2025,J    ,F     ,63,0,TOGROWR    ,1,1/8/2025,                ,                ,
1031676,840003286114804,31676,1,0,1/7/2025,J    ,F     ,74,0,TOGROWR    ,1,1/8/2025,                ,                ,
1031677,840003286114805,31677,1,0,1/7/2025,J    ,F     ,60,0,TOGROWR    ,1,1/8/2025,                ,                ,
1031678,840003286114816,31678,1,0,1/7/2025,J    ,F     ,74,0,TOGROWR    ,1,1/8/2025,                ,                ,
1031679,840003286114820,31679,1,0,1/7/2025,H    ,F     ,92,0,TOGROWR    ,1,1/8/2025,                ,                ,
1031680,840003286114809,31680,1,0,1/7/2025,J    ,F     ,53,0,TOGROWR    ,1,1/8/2025,                ,                ,
1031681,840003286114817,31681,1,0,1/7/2025,H    ,F     ,93,0,TOGROWR    ,1,1/8/2025,                ,                ,
1031682,840003286114806,31682,1,0,1/7/2025,J    ,F     ,80,0,TOGROWR    ,1,1/8/2025,                ,                ,
1031683,840003286114810,31683,1,0,1/8/2025,J    ,F     ,58,0,TOGROWR    ,1,1/9/2025,                ,                ,
1031684,840003286114814,31684,1,0,1/8/2025,J    ,F     ,60,0,TOGROWR    ,1,1/9/2025,                ,                ,
1031685,840003286114821,31685,1,0,1/8/2025,J    ,F     ,60,0,TOGROWR    ,1,1/9/2025,                ,                ,
1031686,840003286114818,31686,1,0,1/8/2025,H    ,F     ,103,0,TOGROWR    ,1,1/9/2025,                ,                ,
1031687,840003286114822,31687,1,0,1/8/2025,H    ,F     ,95,0,TOGROWR    ,1,1/9/2025,                ,                ,
1031688,840003286114803,31688,1,0,1/8/2025,J    ,F     ,56,0,TOGROWR    ,1,1/9/2025,                ,                ,
1031689,840003286114826,31689,1,0,1/8/2025,J    ,F     ,60,0,TOGROWR    ,1,1/9/2025,                ,                ,
1031690,840003286114825,31690,1,0,1/9/2025,J    ,F     ,66,0,TOGROWR    ,1,1/10/2025,                ,                ,
1031691,840003286114824,31691,1,0,1/8/2025,J    ,F     ,53,0,TOGROWR    ,1,1/9/2025,                ,                ,
1031692,840003286114828,31692,1,0,1/8/2025,J    ,F     ,81,0,TOGROWR    ,1,1/9/2025,                ,                ,
1031693,840003286114827,31693,1,0,1/8/2025,J    ,F     ,58,0,TOGROWR    ,1,1/9/2025,                ,                ,
1031694,840003286114832,31694,1,0,1/9/2025,H    ,F     ,105,0,TOGROWR    ,1,1/10/2025,                ,                ,
1031695,840003286114830,31695,1,0,1/9/2025,J    ,F     ,62,0,TOGROWR    ,1,1/10/2025,                ,                ,
1031696,840003286114835,31696,1,0,1/9/2025,H    ,F     ,85,0,TOGROWR    ,1,1/10/2025,                ,                ,
1031697,840003286114831,31697,1,0,1/9/2025,J    ,F     ,68,0,TOGROWR    ,1,1/10/2025,                ,                ,
1031698,840003286114829,31698,1,0,1/9/2025,J    ,F     ,63,0,TOGROWR    ,1,1/10/2025,                ,                ,
1031699,840003286114836,31699,1,0,1/9/2025,J    ,F     ,58,0,TOGROWR    ,1,1/10/2025,                ,                ,
1031700,840003286114833,31700,1,0,1/9/2025,J    ,F     ,30,0,TOGROWR    ,1,1/10/2025,                ,                ,
1031701,840003286114823,31701,1,0,1/9/2025,J    ,F     ,68,0,TOGROWR    ,1,1/10/2025,                ,                ,
1031702,840003286114839,31702,1,0,1/9/2025,H    ,F     ,87,0,TOGROWR    ,1,1/10/2025,                ,                ,
1031703,840003286114840,31703,1,0,1/9/2025,H    ,F     ,63,0,TOGROWR    ,1,1/10/2025,                ,                ,
1031704,840003286114838,31704,1,0,1/10/2025,J    ,F     ,64,0,TOGROWR    ,1,1/11/2025,                ,                ,
1031705,840003286114834,31705,1,0,1/10/2025,J    ,F     ,67,0,TOGROWR    ,1,1/11/2025,                ,                ,
1031706,840003286114837,31706,1,0,1/10/2025,J    ,F     ,68,0,TOGROWR    ,1,1/11/2025,                ,                ,
1031707,840003286114842,31707,1,0,1/10/2025,J    ,F     ,65,0,TOGROWR    ,1,1/11/2025,                ,                ,
1031708,840003286114841,31708,1,0,1/10/2025,J    ,F     ,66,0,TOGROWR    ,1,1/11/2025,                ,                ,
1031709,840003286114847,31709,1,0,1/10/2025,J    ,F     ,69,0,TOGROWR    ,1,1/11/2025,                ,                ,
1031710,840003286114843,31710,1,0,1/10/2025,J    ,F     ,62,0,TOGROWR    ,1,1/11/2025,                ,                ,
1031711,840003286114844,31711,1,0,1/10/2025,J    ,F     ,66,0,TOGROWR    ,1,1/11/2025,                ,                ,
1031712,840003286114845,31712,1,0,1/10/2025,H    ,F     ,90,0,TOGROWR    ,1,1/11/2025,                ,                ,
1031713,840003286114846,31713,1,0,1/10/2025,J    ,F     ,75,0,TOGROWR    ,1,1/11/2025,                ,                ,
1031714,840003286114850,31714,1,0,1/10/2025,J    ,F     ,68,0,TOGROWR    ,1,1/11/2025,                ,                ,
1031715,840003286114854,31715,1,0,1/10/2025,J    ,F     ,60,0,TOGROWR    ,1,1/11/2025,                ,                ,
1031716,840003286114858,31716,1,0,1/11/2025,H    ,F     ,79,0,TOGROWR    ,1,1/12/2025,                ,                ,
1031717,840003286114862,31717,1,0,1/11/2025,H    ,F     ,82,0,TOGROWR    ,1,1/12/2025,                ,                ,
1031718,840003286114861,31718,1,0,1/11/2025,H    ,F     ,105,0,TOGROWR    ,1,1/12/2025,                ,                ,
1031719,840003286114849,31719,1,0,1/11/2025,H    ,F     ,92,0,TOGROWR    ,1,1/12/2025,                ,                ,
1031720,840003286114855,31720,1,0,1/11/2025,J    ,F     ,75,0,TOGROWR    ,1,1/12/2025,                ,                ,
1031721,840003290176998,31721,1,0,1/11/2025,J    ,F     ,62,0,TOGROWR    ,1,1/12/2025,                ,                ,
1031722,840003286114852,31722,1,0,1/11/2025,J    ,F     ,80,0,TOGROWR    ,1,1/12/2025,                ,                ,
1031723,840003286114853,31723,1,0,1/11/2025,J    ,F     ,55,0,TOGROWR    ,1,1/12/2025,                ,                ,
1031724,840003286114851,31724,1,0,1/11/2025,J    ,F     ,55,0,TOGROWR    ,1,1/12/2025,                ,                ,
1031725,840003286114848,31725,1,0,1/11/2025,H    ,F     ,87,0,TOGROWR    ,1,1/12/2025,                ,                ,
1031726,840003286114856,31726,1,0,1/11/2025,J    ,F     ,86,0,TOGROWR    ,1,1/12/2025,                ,                ,
2002794,840003297404576,2794,2,0,12/31/2024,H    ,F     ,86,0,TOGROWR    ,1,1/1/2025,                ,                ,
2002795,840003297404689,2795,2,0,12/31/2024,X    ,F     ,88,0,TOGROWR    ,1,1/1/2025,                ,                ,
2002796,840003297404721,2796,2,0,12/31/2024,X    ,F     ,102,0,TOGROWR    ,1,1/1/2025,                ,                ,
2002797,840003297404710,2797,2,0,12/31/2024,X    ,F     ,87,0,TOGROWR    ,1,1/1/2025,                ,                ,
2002798,840003297404575,2798,2,0,12/31/2024,X    ,F     ,90,0,TOGROWR    ,1,1/1/2025,                ,                ,
2002799,840003297404719,2799,2,0,12/31/2024,X    ,F     ,81,0,TOGROWR    ,1,1/1/2025,                ,                ,
2002800,840003297404687,2800,2,0,12/31/2024,X    ,F     ,107,0,TOGROWR    ,1,1/1/2025,                ,                ,
2002801,840003297404664,2801,2,0,12/31/2024,X    ,F     ,77,0,TOGROWR    ,1,1/1/2025,                ,                ,
2002802,840003297404644,2802,2,0,1/1/2025,X    ,F     ,88,0,TOGROWR    ,1,1/2/2025,                ,                ,
2002803,840003297404733,2803,2,0,1/1/2025,H    ,F     ,98,0,TOGROWR    ,1,1/2/2025,                ,                ,
2002804,840003297404722,2804,2,0,1/1/2025,X    ,F     ,117,0,TOGROWR    ,1,1/2/2025,                ,                ,
2002805,840003297404289,2805,2,0,1/1/2025,H    ,F     ,102,0,TOGROWR    ,1,1/2/2025,                ,                ,
2002806,982000467857557,2806,2,0,1/2/2025,H    ,F     ,99,0,TOGROWR    ,1,1/3/2025,                ,                ,
2002807,982000467857714,2807,2,0,1/2/2025,H    ,F     ,94,0,TOGROWR    ,1,1/3/2025,                ,                ,
2002808,982000467857530,2808,2,0,1/2/2025,H    ,F     ,93,0,TOGROWR    ,1,1/3/2025,                ,                ,
2002809,982000467857589,2809,2,0,1/2/2025,H    ,F     ,83,0,TOGROWR    ,1,1/3/2025,                ,                ,
2002810,982000467857709,2810,2,0,1/2/2025,H    ,F     ,81,0,TOGROWR    ,1,1/3/2025,                ,                ,
2002811,982000467857556,2811,2,0,1/2/2025,H    ,F     ,80,0,TOGROWR    ,1,1/3/2025,                ,                ,
2002812,982000467857656,2812,2,0,1/3/2025,B    ,F     ,90,0,TOGROWR    ,1,1/4/2025,                ,                ,
2002813,982000467857642,2813,2,0,1/2/2025,X    ,F     ,90,0,TOGROWR    ,1,1/3/2025,                ,                ,
2002814,982000467857661,2814,2,0,1/2/2025,X    ,F     ,100,0,TOGROWR    ,1,1/3/2025,                ,                ,
2002815,982000467857710,2815,2,0,1/2/2025,X    ,F     ,60,0,TOGROWR    ,1,1/3/2025,                ,                ,
2002816,982000467857517,2816,2,0,1/3/2025,B    ,F     ,77,0,TOGROWR    ,1,1/4/2025,                ,                ,
2002817,982000467857691,2817,2,0,1/3/2025,H    ,F     ,83,0,TOGROWR    ,1,1/4/2025,                ,                ,
2002818,982000467857677,2818,2,0,1/3/2025,B    ,F     ,75,0,TOGROWR    ,1,1/4/2025,                ,                ,
2002819,982000467857679,2819,2,0,1/4/2025,B    ,F     ,75,0,TOGROWR    ,1,1/5/2025,                ,                ,
2002820,982000467857674,2820,2,0,1/4/2025,B    ,F     ,98,0,TOGROWR    ,1,1/5/2025,                ,                ,
2002821,982000467857731,2821,2,0,1/4/2025,B    ,F     ,100,0,TOGROWR    ,1,1/5/2025,                ,                ,
2002822,982000467857631,2822,2,0,1/4/2025,B    ,F     ,101,0,TOGROWR    ,1,1/5/2025,                ,                ,
2002823,982000467857706,2823,2,0,1/4/2025,B    ,F     ,108,0,TOGROWR    ,1,1/5/2025,                ,                ,
2002824,982000467857641,2824,2,0,1/4/2025,H    ,F     ,92,0,TOGROWR    ,1,1/5/2025,                ,                ,
2002825,840003290176959,2825,2,0,1/9/2025,B    ,F     ,110,0,TOGROWR    ,1,1/10/2025,                ,                ,
2002826,840003290177034,2826,2,0,1/9/2025,B    ,F     ,82,0,TOGROWR    ,1,1/10/2025,                ,                ,
2002827,840003290176936,2827,2,0,1/9/2025,H    ,F     ,105,0,TOGROWR    ,1,1/10/2025,                ,                ,
2002828,840003290176954,2828,2,0,1/9/2025,H    ,F     ,92,0,TOGROWR    ,1,1/10/2025,                ,                ,
2002829,840003290176941,2829,2,0,1/9/2025,H    ,F     ,86,0,TOGROWR    ,1,1/10/2025,                ,                ,
2002830,840003290176978,2830,2,0,1/9/2025,B    ,F     ,109,0,TOGROWR    ,1,1/10/2025,                ,                ,
2002831,840003290177086,2831,2,0,1/9/2025,B    ,F     ,97,0,TOGROWR    ,1,1/10/2025,                ,                ,
2002832,840003290176950,2832,2,0,1/9/2025,H    ,F     ,85,0,TOGROWR    ,1,1/10/2025,                ,                ,
2002833,840003290176944,2833,2,0,1/9/2025,B    ,F     ,92,0,TOGROWR    ,1,1/10/2025,                ,                ,
2002834,840003290177004,2834,2,0,1/10/2025,B    ,F     ,81,0,TOGROWR    ,1,1/11/2025,                ,                ,
2002835,982000467860931,2835,2,0,1/10/2025,B    ,F     ,111,0,TOGROWR    ,1,1/11/2025,                ,                ,
2002836,982000467860995,2836,2,0,1/10/2025,B    ,F     ,88,0,TOGROWR    ,1,1/11/2025,                ,                ,
2002837,840003290177000,2837,2,0,1/10/2025,B    ,F     ,97,0,TOGROWR    ,1,1/11/2025,                ,                ,
2002838,840003290177008,2838,2,0,1/11/2025,B    ,F     ,110,0,TOGROWR    ,1,1/12/2025,                ,                ,
2002839,840003290177027,2839,2,0,1/11/2025,B    ,F     ,87,0,TOGROWR    ,1,1/12/2025,                ,                ,
2002840,982000467860963,2840,2,0,1/11/2025,B    ,F     ,82,0,TOGROWR    ,1,1/12/2025,                ,                ,
2002841,982000467860989,2841,2,0,1/11/2025,B    ,F     ,104,0,TOGROWR    ,1,1/12/2025,                ,                ,
2002842,840003290176962,2842,2,0,1/11/2025,B    ,F     ,96,0,TOGROWR    ,1,1/12/2025,                ,                ,
2002843,840003290176990,2843,2,0,1/11/2025,B    ,F     ,87,0,TOGROWR    ,1,1/12/2025,                ,                ,
2002844,982000467860915,2844,2,0,1/11/2025,B    ,F     ,96,0,TOGROWR    ,1,1/12/2025,                ,                ,
2002845,840003290176993,2845,2,0,1/11/2025,B    ,F     ,103,0,TOGROWR    ,1,1/12/2025,                ,                ,
2002846,840003290176981,2846,2,0,1/11/2025,B    ,F     ,79,0,TOGROWR    ,1,1/12/2025,                ,                ,
2002847,982000467860985,2847,2,0,1/11/2025,B    ,F     ,84,0,TOGROWR    ,1,1/12/2025,                ,                ,
2002848,840003290176955,2848,2,0,1/11/2025,B    ,F     ,90,0,TOGROWR    ,1,1/12/2025,                ,                ,
2002849,982000467860917,2849,2,0,1/11/2025,B    ,F     ,104,0,TOGROWR    ,1,1/12/2025,                ,                ,
2002850,840003290176963,2850,2,0,1/11/2025,H    ,F     ,89,0,TOGROWR    ,1,1/12/2025,                ,                ,
2002851,982000467860922,2851,2,0,1/11/2025,B    ,F     ,93,0,TOGROWR    ,1,1/12/2025,                ,                ,
2002852,840003290176973,2852,2,0,1/11/2025,H    ,F     ,85,0,TOGROWR    ,1,1/12/2025,                ,                ,
3011651,840003297404683,11651,3,0,12/31/2024,X    ,F     ,99,0,TOGROWR    ,1,1/1/2025,                ,                ,
3011652,840003297404671,11652,3,0,12/31/2024,X    ,F     ,101,0,TOGROWR    ,1,1/1/2025,                ,                ,
3011653,840003297404707,11653,3,0,12/31/2024,X    ,F     ,91,0,TOGROWR    ,1,1/1/2025,                ,                ,
3011654,840003297404711,11654,3,0,12/31/2024,X    ,F     ,95,0,TOGROWR    ,1,1/1/2025,                ,                ,
3011655,840003297404185,11655,3,0,12/31/2024,X    ,F     ,80,0,TOGROWR    ,1,1/1/2025,                ,                ,
3011656,840003297404723,11656,3,0,12/31/2024,X    ,F     ,106,0,TOGROWR    ,1,1/1/2025,                ,                ,
3011657,840003297404616,11657,3,0,12/31/2024,X    ,F     ,76,0,TOGROWR    ,1,1/1/2025,                ,                ,
3011658,840003297404751,11658,3,0,12/31/2024,X    ,F     ,80,0,TOGROWR    ,1,1/1/2025,                ,                ,
3011659,840003297404729,11659,3,0,12/31/2024,X    ,F     ,93,0,TOGROWR    ,1,1/1/2025,                ,                ,
3011660,840003297404738,11660,3,0,1/1/2025,H    ,F     ,88,0,TOGROWR    ,1,1/2/2025,                ,                ,
3011661,840003297404742,11661,3,0,1/1/2025,X    ,F     ,92,0,TOGROWR    ,1,1/2/2025,                ,                ,
3011662,840003297404636,11662,3,0,1/1/2025,X    ,F     ,76,0,TOGROWR    ,1,1/2/2025,                ,                ,
3011663,840003297404756,11663,3,0,1/1/2025,X    ,F     ,90,0,TOGROWR    ,1,1/2/2025,                ,                ,
3011664,840003297404303,11664,3,0,1/1/2025,H    ,F     ,91,0,TOGROWR    ,1,1/2/2025,                ,                ,
3011665,982000467857660,11665,3,0,1/2/2025,M    ,F     ,69,0,TOGROWR    ,1,1/3/2025,                ,                ,
3011666,982000467857653,11666,3,0,1/2/2025,M    ,F     ,80,0,TOGROWR    ,1,1/3/2025,                ,                ,
3011667,982000467857736,11667,3,0,1/2/2025,M    ,F     ,83,0,TOGROWR    ,1,1/3/2025,                ,                ,
3011668,982000467857541,11668,3,0,1/2/2025,M    ,F     ,85,0,TOGROWR    ,1,1/3/2025,                ,                ,
3011669,982000467857613,11669,3,0,1/2/2025,M    ,F     ,81,0,TOGROWR    ,1,1/3/2025,                ,                ,
3011670,982000467857699,11670,3,0,1/2/2025,M    ,F     ,98,0,TOGROWR    ,1,1/3/2025,                ,                ,
3011671,982000467857718,11671,3,0,1/2/2025,M    ,F     ,69,0,TOGROWR    ,1,1/3/2025,                ,                ,
3011672,982000467857722,11672,3,0,1/2/2025,M    ,F     ,80,0,TOGROWR    ,1,1/3/2025,                ,                ,
3011673,982000467857645,11673,3,0,1/3/2025,M    ,F     ,93,0,TOGROWR    ,1,1/4/2025,                ,                ,
3011674,982000467857750,11674,3,0,1/3/2025,H    ,F     ,83,0,TOGROWR    ,1,1/4/2025,                ,                ,
3011675,982000467857748,11675,3,0,1/4/2025,M    ,F     ,98,0,TOGROWR    ,1,1/5/2025,                ,                ,
3011676,982000467857633,11676,3,0,1/4/2025,M    ,F     ,65,0,TOGROWR    ,1,1/5/2025,                ,                ,
3011677,982000467857566,11677,3,0,1/4/2025,H    ,F     ,83,0,TOGROWR    ,1,1/5/2025,                ,                ,
3011678,949000011368224,11678,3,0,1/5/2025,M    ,F     ,77,0,TOGROWR    ,1,1/6/2025,                ,                ,
3011679,949000011368226,11679,3,0,1/5/2025,M    ,F     ,78,0,TOGROWR    ,1,1/6/2025,                ,                ,
3011680,982000467857646,11680,3,0,1/5/2025,M    ,F     ,99,0,TOGROWR    ,1,1/6/2025,                ,                ,
3011681,949000011368052,11681,3,0,1/5/2025,M    ,F     ,110,0,TOGROWR    ,1,1/6/2025,                ,                ,
3011682,982000467857548,11682,3,0,1/5/2025,M    ,F     ,80,0,TOGROWR    ,1,1/6/2025,                ,                ,
3011683,982000467857537,11683,3,0,1/5/2025,M    ,F     ,81,0,TOGROWR    ,1,1/6/2025,                ,                ,
3011684,840003290177021,11684,3,0,1/6/2025,H    ,F     ,74,0,TOGROWR    ,1,1/7/2025,                ,                ,
3011685,840003290177025,11685,3,0,1/6/2025,M    ,F     ,85,0,TOGROWR    ,1,1/7/2025,                ,                ,
3011686,840003290177057,11686,3,0,1/6/2025,M    ,F     ,83,0,TOGROWR    ,1,1/7/2025,                ,                ,
3011687,840003290177098,11687,3,0,1/6/2025,M    ,F     ,90,0,TOGROWR    ,1,1/7/2025,                ,                ,
3011688,840003290176956,11688,3,0,1/7/2025,M    ,F     ,86,0,TOGROWR    ,1,1/8/2025,                ,                ,
3011689,840003290177054,11689,3,0,1/7/2025,M    ,F     ,80,0,TOGROWR    ,1,1/8/2025,                ,                ,
3011690,840003290177080,11690,3,0,1/7/2025,H    ,F     ,85,0,TOGROWR    ,1,1/8/2025,                ,                ,
3011691,840003290177060,11691,3,0,1/7/2025,M    ,F     ,110,0,TOGROWR    ,1,1/8/2025,                ,                ,
3011692,840003290176930,11692,3,0,1/7/2025,M    ,F     ,85,0,TOGROWR    ,1,1/8/2025,                ,                ,
3011693,840003290177088,11693,3,0,1/7/2025,M    ,F     ,90,0,TOGROWR    ,1,1/8/2025,                ,                ,
3011694,840003290176952,11694,3,0,1/7/2025,M    ,F     ,90,0,TOGROWR    ,1,1/8/2025,                ,                ,
3011695,840003290177056,11695,3,0,1/7/2025,M    ,F     ,90,0,TOGROWR    ,1,1/8/2025,                ,                ,
3011696,840003290177091,11696,3,0,1/7/2025,M    ,F     ,80,0,TOGROWR    ,1,1/8/2025,                ,                ,
3011697,840003290177042,11697,3,0,1/7/2025,H    ,F     ,80,0,TOGROWR    ,1,1/8/2025,                ,                ,
3011698,840003290176926,11698,3,0,1/8/2025,M    ,F     ,100,0,TOGROWR    ,1,1/9/2025,                ,                ,
3011699,840003290176932,11699,3,0,1/8/2025,M    ,F     ,93,0,TOGROWR    ,1,1/9/2025,                ,                ,
3011700,840003290177113,11700,3,0,1/8/2025,M    ,F     ,95,0,TOGROWR    ,1,1/9/2025,                ,                ,
3011701,840003290176945,11701,3,0,1/8/2025,M    ,F     ,89,0,TOGROWR    ,1,1/9/2025,                ,                ,
3011702,840003290177014,11702,3,0,1/8/2025,M    ,F     ,90,0,TOGROWR    ,1,1/9/2025,                ,                ,
3011703,840003290176953,11703,3,0,1/9/2025,M    ,F     ,100,0,TOGROWR    ,1,1/10/2025,                ,                ,
3011704,840003290177082,11704,3,0,1/9/2025,M    ,F     ,95,0,TOGROWR    ,1,1/10/2025,                ,                ,
3011705,840003290177007,11705,3,0,1/9/2025,M    ,F     ,90,0,TOGROWR    ,1,1/10/2025,                ,                ,
3011706,840003290177029,11706,3,0,1/9/2025,M    ,F     ,95,0,TOGROWR    ,1,1/10/2025,                ,                ,
3011707,840003290176986,11707,3,0,1/9/2025,M    ,F     ,96,0,TOGROWR    ,1,1/10/2025,                ,                ,
3011708,840003290177076,11708,3,0,1/9/2025,H    ,F     ,78,0,TOGROWR    ,1,1/10/2025,                ,                ,
3011709,840003290177071,11709,3,0,1/9/2025,M    ,F     ,85,0,TOGROWR    ,1,1/10/2025,                ,                ,
3011710,840003290176968,11710,3,0,1/10/2025,M    ,F     ,96,0,TOGROWR    ,1,1/11/2025,                ,                ,
3011711,840003290177073,11711,3,0,1/10/2025,M    ,F     ,93,0,TOGROWR    ,1,1/11/2025,                ,                ,
3011712,840003290176933,11712,3,0,1/10/2025,M    ,F     ,86,0,TOGROWR    ,1,1/11/2025,                ,                ,
3011713,840003290177006,11713,3,0,1/10/2025,M    ,F     ,98,0,TOGROWR    ,1,1/11/2025,                ,                ,
3011714,840003290177022,11714,3,0,1/10/2025,M    ,F     ,90,0,TOGROWR    ,1,1/11/2025,                ,                ,
3011715,840003290177017,11715,3,0,1/10/2025,M    ,F     ,89,0,TOGROWR    ,1,1/11/2025,                ,                ,
3011716,840003290177104,11716,3,0,1/10/2025,M    ,F     ,91,0,TOGROWR    ,1,1/11/2025,                ,                ,
3011717,840003290176961,11717,3,0,1/10/2025,M    ,F     ,97,0,TOGROWR    ,1,1/11/2025,                ,                ,
3011718,982000467860910,11718,3,0,1/11/2025,M    ,F     ,98,0,TOGROWR    ,1,1/12/2025,                ,                ,
3011719,840003290177001,11719,3,0,1/11/2025,M    ,F     ,108,0,TOGROWR    ,1,1/12/2025,                ,                ,
3011720,840003290176921,11720,3,0,1/11/2025,M    ,F     ,85,0,TOGROWR    ,1,1/12/2025,                ,                ,
3011721,982000467860939,11721,3,0,1/11/2025,H    ,F     ,101,0,TOGROWR    ,1,1/12/2025,                ,                ,
3011722,840003290176971,11722,3,0,1/11/2025,H    ,F     ,84,0,TOGROWR    ,1,1/12/2025,                ,                ,
3011723,840003290177011,11723,3,0,1/11/2025,M    ,F     ,83,0,TOGROWR    ,1,1/12/2025,                ,                ,
3011724,840003290176974,11724,3,0,1/11/2025,H    ,F     ,95,0,TOGROWR    ,1,1/12/2025,                ,                ,
4006523,840003296452288,6523,4,0,12/31/2024,H    ,F     ,95,0,TOGROWR    ,1,1/1/2025,                ,                ,
4006524,840003296452289,6524,4,0,12/31/2024,H    ,F     ,82,0,TOGROWR    ,1,1/1/2025,                ,                ,
4006525,840003296452290,6525,4,0,12/31/2024,H    ,F     ,82,0,TOGROWR    ,1,1/1/2025,                ,                ,
4006526,840003296452291,6526,4,0,12/31/2024,H    ,F     ,87,0,TOGROWR    ,1,1/1/2025,                ,                ,
4006528,840003296452292,6528,4,0,12/31/2024,H    ,F     ,86,0,TOGROWR    ,1,1/1/2025,                ,                ,
4006531,840003296452293,6531,4,0,12/31/2024,H    ,F     ,80,0,TOGROWR    ,1,1/1/2025,                ,                ,
4006532,840003296452294,6532,4,0,1/1/2025,H    ,F     ,93,0,TOGROWR    ,1,1/2/2025,                ,                ,
4006533,840003296452295,6533,4,0,12/31/2024,H    ,F     ,79,0,TOGROWR    ,1,1/1/2025,                ,                ,
4006534,840003296452296,6534,4,0,1/1/2025,H    ,F     ,89,0,TOGROWR    ,1,1/2/2025,                ,                ,
4006535,840003296452297,6535,4,0,1/1/2025,H    ,F     ,76,0,TOGROWR    ,1,1/2/2025,                ,                ,
4006536,840003296452298,6536,4,0,1/1/2025,H    ,F     ,70,0,TOGROWR    ,1,1/2/2025,                ,                ,
4006537,840003296452299,6537,4,0,1/1/2025,H    ,F     ,83,0,TOGROWR    ,1,1/2/2025,                ,                ,
4006538,840003296452300,6538,4,0,1/1/2025,H    ,F     ,72,0,TOGROWR    ,1,1/2/2025,                ,                ,
4006539,840003296452301,6539,4,0,1/2/2025,H    ,F     ,78,0,TOGROWR    ,1,1/3/2025,                ,                ,
4006540,840003296452302,6540,4,0,1/3/2025,H    ,F     ,67,0,TOGROWR    ,1,1/4/2025,                ,                ,
4006541,840003296452303,6541,4,0,1/2/2025,H    ,F     ,75,0,TOGROWR    ,1,1/3/2025,                ,                ,
4006542,840003296452304,6542,4,0,1/3/2025,H    ,F     ,82,0,TOGROWR    ,1,1/4/2025,                ,                ,
4006544,840003296452305,6544,4,0,1/3/2025,H    ,F     ,77,0,TOGROWR    ,1,1/4/2025,                ,                ,
4006545,840003296452306,6545,4,0,1/3/2025,H    ,F     ,75,0,TOGROWR    ,1,1/4/2025,                ,                ,
4006547,840003296452307,6547,4,0,1/3/2025,H    ,F     ,74,0,TOGROWR    ,1,1/4/2025,                ,                ,
4006548,840003296452308,6548,4,0,1/3/2025,H    ,F     ,73,0,TOGROWR    ,1,1/4/2025,                ,                ,
4006549,840003296452309,6549,4,0,1/4/2025,H    ,F     ,75,0,TOGROWR    ,1,1/5/2025,                ,                ,
4006551,840003296452310,6551,4,0,1/4/2025,H    ,F     ,76,0,TOGROWR    ,1,1/5/2025,                ,                ,
4006552,840003296452311,6552,4,0,1/4/2025,H    ,F     ,78,0,TOGROWR    ,1,1/5/2025,                ,                ,
4006556,840003296452312,6556,4,0,1/4/2025,H    ,F     ,93,0,TOGROWR    ,1,1/5/2025,                ,                ,
4006558,840003296452313,6558,4,0,1/5/2025,H    ,F     ,60,0,TOGROWR    ,1,1/6/2025,                ,                ,
4006559,840003296452314,6559,4,0,1/5/2025,H    ,F     ,72,0,TOGROWR    ,1,1/6/2025,                ,                ,
4006560,840003296452315,6560,4,0,1/5/2025,H    ,F     ,76,0,TOGROWR    ,1,1/6/2025,                ,                ,
4006561,840003296452316,6561,4,0,1/5/2025,H    ,F     ,83,0,TOGROWR    ,1,1/6/2025,                ,                ,
4006562,840003296452317,6562,4,0,1/5/2025,H    ,F     ,82,0,TOGROWR    ,1,1/6/2025,                ,                ,
4006565,840003296452318,6565,4,0,1/5/2025,H    ,F     ,81,0,TOGROWR    ,1,1/6/2025,                ,                ,
4006567,840003296452319,6567,4,0,1/5/2025,H    ,F     ,83,0,TOGROWR    ,1,1/6/2025,                ,                ,
4006568,840003296452320,6568,4,0,1/6/2025,H    ,F     ,85,0,TOGROWR    ,1,1/7/2025,                ,                ,
4006570,840003296452321,6570,4,0,1/6/2025,H    ,F     ,67,0,TOGROWR    ,1,1/7/2025,                ,                ,
4006571,840003296452322,6571,4,0,1/6/2025,H    ,F     ,86,0,TOGROWR    ,1,1/7/2025,                ,                ,
4006572,840003296452323,6572,4,0,1/6/2025,H    ,F     ,84,0,TOGROWR    ,1,1/7/2025,                ,                ,
4006575,840003296452324,6575,4,0,1/6/2025,H    ,F     ,72,0,TOGROWR    ,1,1/7/2025,                ,                ,
4006576,840003296452325,6576,4,0,1/7/2025,H    ,F     ,74,0,TOGROWR    ,1,1/8/2025,                ,                ,
4006577,840003296452326,6577,4,0,1/7/2025,H    ,F     ,71,0,TOGROWR    ,1,1/8/2025,                ,                ,
4006578,840003296452327,6578,4,0,1/7/2025,H    ,F     ,79,0,TOGROWR    ,1,1/8/2025,                ,                ,
4006580,840003296452328,6580,4,0,1/7/2025,H    ,F     ,68,0,TOGROWR    ,1,1/8/2025,                ,                ,
4006589,840003296452329,6589,4,0,1/8/2025,H    ,F     ,77,0,TOGROWR    ,1,1/9/2025,                ,                ,
4006590,840003296452330,6590,4,0,1/8/2025,H    ,F     ,86,0,TOGROWR    ,1,1/9/2025,                ,                ,
4006592,840003296452331,6592,4,0,1/8/2025,H    ,F     ,80,0,TOGROWR    ,1,1/9/2025,                ,                ,
4006593,840003296452332,6593,4,0,1/8/2025,H    ,F     ,79,0,TOGROWR    ,1,1/9/2025,                ,                ,
4006595,840003296452333,6595,4,0,1/8/2025,H    ,F     ,74,0,TOGROWR    ,1,1/9/2025,                ,                ,
4006596,840003296452334,6596,4,0,1/8/2025,H    ,F     ,80,0,TOGROWR    ,1,1/9/2025,                ,                ,
4006597,840003296452335,6597,4,0,1/9/2025,H    ,F     ,67,0,TOGROWR    ,1,1/10/2025,                ,                ,
4006598,840003296452336,6598,4,0,1/9/2025,H    ,F     ,83,0,TOGROWR    ,1,1/10/2025,                ,                ,
4006599,840003296452337,6599,4,0,1/9/2025,H    ,F     ,78,0,TOGROWR    ,1,1/10/2025,                ,                ,
4006600,840003296452338,6600,4,0,1/9/2025,H    ,F     ,80,0,TOGROWR    ,1,1/10/2025,                ,                ,
4006601,840003296452339,6601,4,0,1/10/2025,H    ,F     ,83,0,TOGROWR    ,1,1/11/2025,                ,                ,
4006602,840003296452340,6602,4,0,1/10/2025,H    ,F     ,95,0,TOGROWR    ,1,1/11/2025,                ,                ,
4006604,840003296452341,6604,4,0,1/10/2025,H    ,F     ,58,0,TOGROWR    ,1,1/11/2025,                ,                ,
4006607,840003296452342,6607,4,0,1/10/2025,H    ,F     ,85,0,TOGROWR    ,1,1/11/2025,                ,                ,
4006610,840003296452343,6610,4,0,1/11/2025,H    ,F     ,87,0,TOGROWR    ,1,1/12/2025,                ,                ,
4006613,840003296452344,6613,4,0,1/11/2025,H    ,F     ,85,0,TOGROWR    ,1,1/12/2025,                ,                ,
5002871,840003298241500,2871,5,0,12/31/2024,H    ,F     ,82,0,TOGROWR    ,1,1/1/2025,                ,                ,
5002872,840003298241501,2872,5,0,12/31/2024,H    ,F     ,71,0,TOGROWR    ,1,1/1/2025,                ,                ,
5002873,840003298241502,2873,5,0,1/1/2025,H    ,F     ,81,0,TOGROWR    ,1,1/2/2025,                ,                ,
5002874,840003298241503,2874,5,0,1/2/2025,H    ,F     ,70,0,TOGROWR    ,1,1/3/2025,                ,                ,
5002875,840003298241504,2875,5,0,1/4/2025,H    ,F     ,76,0,TOGROWR    ,1,1/5/2025,                ,                ,
5002876,840003298241505,2876,5,0,1/5/2025,H    ,F     ,69,0,TOGROWR    ,1,1/6/2025,                ,                ,
5002877,840003298241506,2877,5,0,1/6/2025,H    ,F     ,74,0,TOGROWR    ,1,1/7/2025,                ,                ,
5002878,840003298241507,2878,5,0,1/7/2025,H    ,F     ,67,0,TOGROWR    ,1,1/8/2025,                ,                ,
5002879,840003298241508,2879,5,0,1/7/2025,H    ,F     ,66,0,TOGROWR    ,1,1/8/2025,                ,                ,
5002880,840003298241509,2880,5,0,1/9/2025,H    ,F     ,76,0,TOGROWR    ,1,1/10/2025,                ,                ,
5002881,840003298241510,2881,5,0,1/8/2025,H    ,F     ,82,0,TOGROWR    ,1,1/9/2025,                ,                ,
5002882,840003298241511,2882,5,0,1/8/2025,H    ,F     ,70,0,TOGROWR    ,1,1/9/2025,                ,                ,
5002883,840003298241512,2883,5,0,1/8/2025,H    ,F     ,84,0,TOGROWR    ,1,1/9/2025,                ,                ,
5002884,840003298241513,2884,5,0,1/10/2025,H    ,F     ,86,0,TOGROWR    ,1,1/11/2025,                ,                ,
5002885,840003298241514,2885,5,0,1/11/2025,H    ,F     ,89,0,TOGROWR    ,1,1/12/2025,                ,                ,
5002886,840003298241515,2886,5,0,1/11/2025,H    ,F     ,84,0,TOGROWR    ,1,1/12/2025,                ,                ,
5002887,840003298241516,2887,5,0,1/11/2025,H    ,F     ,77,0,TOGROWR    ,1,1/12/2025,                ,                ,
6063483,840003263409783,63483,6,0,12/31/2024,H    ,F     ,72,0,TOGROWR    ,1,1/1/2025,                ,                ,
6063484,840003263409784,63484,6,0,12/31/2024,H    ,F     ,71,0,TOGROWR    ,1,1/1/2025,                ,                ,
6063485,840003263409785,63485,6,0,1/1/2025,H    ,F     ,83,0,TOGROWR    ,1,1/2/2025,                ,                ,
6063486,840003263409786,63486,6,0,1/1/2025,H    ,F     ,77,0,TOGROWR    ,1,1/2/2025,                ,                ,
6063487,840003263409787,63487,6,0,1/2/2025,H    ,F     ,67,0,TOGROWR    ,1,1/3/2025,                ,                ,
6063488,840003263409788,63488,6,0,1/2/2025,H    ,F     ,74,0,TOGROWR    ,1,1/3/2025,                ,                ,
6063489,840003263409789,63489,6,0,1/2/2025,H    ,F     ,114,0,TOGROWR    ,1,1/3/2025,                ,                ,
6063490,840003263409790,63490,6,0,1/2/2025,H    ,F     ,81,0,TOGROWR    ,1,1/3/2025,                ,                ,
6063491,840003263409791,63491,6,0,1/3/2025,H    ,F     ,72,0,TOGROWR    ,1,1/4/2025,                ,                ,
6063492,840003263409792,63492,6,0,1/3/2025,H    ,F     ,71,0,TOGROWR    ,1,1/4/2025,                ,                ,
6063493,840003263409793,63493,6,0,1/4/2025,H    ,F     ,77,0,TOGROWR    ,1,1/5/2025,                ,                ,
6063494,840003263409794,63494,6,0,1/4/2025,H    ,F     ,83,0,TOGROWR    ,1,1/5/2025,                ,                ,
6063495,840003263409795,63495,6,0,1/4/2025,H    ,F     ,81,0,TOGROWR    ,1,1/5/2025,                ,                ,
6063496,840003263409796,63496,6,0,1/4/2025,H    ,F     ,66,0,TOGROWR    ,1,1/5/2025,                ,                ,
6063497,840003263409797,63497,6,0,1/4/2025,H    ,F     ,84,0,TOGROWR    ,1,1/5/2025,                ,                ,
6063498,840003263409798,63498,6,0,1/5/2025,H    ,F     ,69,0,TOGROWR    ,1,1/6/2025,                ,                ,
6063499,840003263409799,63499,6,0,1/5/2025,H    ,F     ,67,0,TOGROWR    ,1,1/6/2025,                ,                ,
6063500,840003263409800,63500,6,0,1/5/2025,H    ,F     ,68,0,TOGROWR    ,1,1/6/2025,                ,                ,
6063501,840003263409801,63501,6,0,1/5/2025,H    ,F     ,67,0,TOGROWR    ,1,1/6/2025,                ,                ,
6063502,840003263409802,63502,6,0,1/5/2025,H    ,F     ,73,0,TOGROWR    ,1,1/6/2025,                ,                ,
6063503,840003263409803,63503,6,0,1/7/2025,H    ,F     ,73,0,TOGROWR    ,1,1/8/2025,                ,                ,
6063504,840003263409804,63504,6,0,1/7/2025,H    ,F     ,70,0,TOGROWR    ,1,1/8/2025,                ,                ,
6063505,840003263409805,63505,6,0,1/7/2025,H    ,F     ,73,0,TOGROWR    ,1,1/8/2025,                ,                ,
6063506,840003263409806,63506,6,0,1/7/2025,H    ,F     ,84,0,TOGROWR    ,1,1/8/2025,                ,                ,
6063507,840003263409807,63507,6,0,1/7/2025,H    ,F     ,91,0,TOGROWR    ,1,1/8/2025,                ,                ,
6063508,840003263409808,63508,6,0,1/8/2025,H    ,F     ,73,0,TOGROWR    ,1,1/9/2025,                ,                ,
6063509,840003263409809,63509,6,0,1/9/2025,H    ,F     ,78,0,TOGROWR    ,1,1/10/2025,                ,                ,
6063510,840003263409810,63510,6,0,1/9/2025,H    ,F     ,96,0,TOGROWR    ,1,1/10/2025,                ,                ,
6063511,840003263409811,63511,6,0,1/9/2025,H    ,F     ,61,0,TOGROWR    ,1,1/10/2025,                ,                ,
6063512,840003263409812,63512,6,0,1/9/2025,H    ,F     ,101,0,TOGROWR    ,1,1/10/2025,                ,                ,
6063513,840003263409813,63513,6,0,1/10/2025,H    ,F     ,76,0,TOGROWR    ,1,1/11/2025,                ,                ,
6063514,840003263409814,63514,6,0,1/10/2025,H    ,F     ,78,0,TOGROWR    ,1,1/11/2025,                ,                ,
6063515,840003263409815,63515,6,0,1/11/2025,H    ,F     ,74,0,TOGROWR    ,1,1/12/2025,                ,                ,
6063516,840003263409816,63516,6,0,1/11/2025,H    ,F     ,86,0,TOGROWR    ,1,1/12/2025,                ,                ,
7008825,840003284999514,8825,7,0,12/31/2024,H    ,F     ,85,0,TOGROWR    ,1,1/1/2025,                ,                ,
7008826,840003284999515,8826,7,0,1/2/2025,H    ,F     ,86,0,TOGROWR    ,1,1/3/2025,                ,                ,
7008827,840003284999516,8827,7,0,1/1/2025,H    ,F     ,81,0,TOGROWR    ,1,1/2/2025,                ,                ,
7008828,840003284999517,8828,7,0,1/3/2025,H    ,F     ,93,0,TOGROWR    ,1,1/4/2025,                ,                ,
7008829,840003284999518,8829,7,0,1/4/2025,H    ,F     ,77,0,TOGROWR    ,1,1/5/2025,                ,                ,
7008830,840003284999519,8830,7,0,1/4/2025,H    ,F     ,81,0,TOGROWR    ,1,1/5/2025,                ,                ,
7008831,840003284999520,8831,7,0,1/4/2025,H    ,F     ,93,0,TOGROWR    ,1,1/5/2025,                ,                ,
7008832,840003284999521,8832,7,0,1/6/2025,H    ,F     ,80,0,TOGROWR    ,1,1/7/2025,                ,                ,
7008833,840003284999522,8833,7,0,1/7/2025,H    ,F     ,85,0,TOGROWR    ,1,1/8/2025,                ,                ,
7008834,840003284999523,8834,7,0,1/9/2025,H    ,F     ,75,0,TOGROWR    ,1,1/10/2025,                ,                ,
7008835,840003284999524,8835,7,0,1/9/2025,H    ,F     ,87,0,TOGROWR    ,1,1/10/2025,                ,                ,
7008836,840003284999525,8836,7,0,1/9/2025,H    ,F     ,85,0,TOGROWR    ,1,1/10/2025,                ,                ,
7008837,840003284999526,8837,7,0,1/9/2025,H    ,F     ,91,0,TOGROWR    ,1,1/10/2025,                ,                ,
7008838,840003284999527,8838,7,0,1/10/2025,H    ,F     ,92,0,TOGROWR    ,1,1/11/2025,                ,                ,
8006219,840003297404275,6219,8,0,1/1/2025,H    ,F     ,40,0,TOGROWR    ,1,1/2/2025,                ,                ,
8006220,840003297404272,6220,8,0,1/1/2025,H    ,F     ,35,0,TOGROWR    ,1,1/2/2025,                ,                ,
8006221,982000467857658,6221,8,0,1/5/2025,H    ,F     ,95,0,TOGROWR    ,1,1/6/2025,                ,                ,
9033649,840003291033136,33649,9,0,12/31/2024,H    ,F     ,72,0,TOGROWR    ,1,1/1/2025,                ,                ,
9033650,840003291033137,33650,9,0,12/31/2024,H    ,F     ,110,0,TOGROWR    ,1,1/1/2025,                ,                ,
9033651,840003291033138,33651,9,0,12/31/2024,H    ,F     ,74,0,TOGROWR    ,1,1/1/2025,                ,                ,
9033652,840003298854971,33652,9,0,12/31/2024,H    ,F     ,97,0,TOGROWR    ,1,1/1/2025,                ,                ,
9033653,840003298854972,33653,9,0,12/31/2024,H    ,F     ,103,0,TOGROWR    ,1,1/1/2025,                ,                ,
9033654,840003298854973,33654,9,0,1/1/2025,H    ,F     ,93,0,TOGROWR    ,1,1/2/2025,                ,                ,
9033655,840003298854974,33655,9,0,1/1/2025,H    ,F     ,86,0,TOGROWR    ,1,1/2/2025,                ,                ,
9033656,840003298854975,33656,9,0,1/1/2025,H    ,F     ,80,0,TOGROWR    ,1,1/2/2025,                ,                ,
9033657,840003298854976,33657,9,0,1/1/2025,H    ,F     ,90,0,TOGROWR    ,1,1/2/2025,                ,                ,
9033658,840003298854977,33658,9,0,1/1/2025,H    ,F     ,77,0,TOGROWR    ,1,1/2/2025,                ,                ,
9033659,840003298854978,33659,9,0,1/1/2025,H    ,F     ,80,0,TOGROWR    ,1,1/2/2025,                ,                ,
9033660,840003298854979,33660,9,0,1/1/2025,H    ,F     ,80,0,TOGROWR    ,1,1/2/2025,                ,                ,
9033661,840003298854980,33661,9,0,1/1/2025,H    ,F     ,70,0,TOGROWR    ,1,1/2/2025,                ,                ,
9033662,840003298854981,33662,9,0,1/2/2025,H    ,F     ,81,0,TOGROWR    ,1,1/3/2025,                ,                ,
9033663,840003298854982,33663,9,0,1/2/2025,H    ,F     ,78,0,TOGROWR    ,1,1/3/2025,                ,                ,
9033664,840003298854983,33664,9,0,1/2/2025,H    ,F     ,82,0,TOGROWR    ,1,1/3/2025,                ,                ,
9033665,840003298854984,33665,9,0,1/2/2025,H    ,F     ,70,0,TOGROWR    ,1,1/3/2025,                ,                ,
9033666,840003298854985,33666,9,0,1/2/2025,H    ,F     ,95,0,TOGROWR    ,1,1/3/2025,                ,                ,
9033667,840003298854986,33667,9,0,1/3/2025,H    ,F     ,63,0,TOGROWR    ,1,1/4/2025,                ,                ,
9033668,840003298854987,33668,9,0,1/3/2025,H    ,F     ,100,0,TOGROWR    ,1,1/4/2025,                ,                ,
9033669,840003298854988,33669,9,0,1/3/2025,H    ,F     ,70,0,TOGROWR    ,1,1/4/2025,                ,                ,
9033670,840003298854989,33670,9,0,1/3/2025,H    ,F     ,86,0,TOGROWR    ,1,1/4/2025,                ,                ,
9033671,840003298854990,33671,9,0,1/3/2025,H    ,F     ,94,0,TOGROWR    ,1,1/4/2025,                ,                ,
9033672,840003298854991,33672,9,0,1/4/2025,H    ,F     ,76,0,TOGROWR    ,1,1/5/2025,                ,                ,
9033673,840003298854992,33673,9,0,1/4/2025,H    ,F     ,71,0,TOGROWR    ,1,1/5/2025,                ,                ,
9033674,840003298854993,33674,9,0,1/4/2025,H    ,F     ,82,0,TOGROWR    ,1,1/5/2025,                ,                ,
9033675,840003298854994,33675,9,0,1/4/2025,H    ,F     ,81,0,TOGROWR    ,1,1/5/2025,                ,                ,
9033676,840003298854995,33676,9,0,1/4/2025,H    ,F     ,86,0,TOGROWR    ,1,1/5/2025,                ,                ,
9033677,840003298854996,33677,9,0,1/4/2025,H    ,F     ,81,0,TOGROWR    ,1,1/5/2025,                ,                ,
9033678,840003298854997,33678,9,0,1/4/2025,H    ,F     ,85,0,TOGROWR    ,1,1/5/2025,                ,                ,
9033679,840003298854998,33679,9,0,1/5/2025,H    ,F     ,78,0,TOGROWR    ,1,1/6/2025,                ,                ,
9033680,840003298854999,33680,9,0,1/4/2025,H    ,F     ,82,0,TOGROWR    ,1,1/5/2025,                ,                ,
9033681,840003298855000,33681,9,0,1/5/2025,H    ,F     ,81,0,TOGROWR    ,1,1/6/2025,                ,                ,
9033682,840003298855001,33682,9,0,1/5/2025,H    ,F     ,85,0,TOGROWR    ,1,1/6/2025,                ,                ,
9033683,840003298855002,33683,9,0,1/5/2025,H    ,F     ,80,0,TOGROWR    ,1,1/6/2025,                ,                ,
9033684,840003298855003,33684,9,0,1/5/2025,H    ,F     ,85,0,TOGROWR    ,1,1/6/2025,                ,                ,
9033685,840003298855004,33685,9,0,1/5/2025,H    ,F     ,84,0,TOGROWR    ,1,1/6/2025,                ,                ,
9033687,840003298855006,33687,9,0,1/6/2025,H    ,F     ,90,0,TOGROWR    ,1,1/7/2025,                ,                ,
9033688,840003298855007,33688,9,0,1/6/2025,H    ,F     ,80,0,TOGROWR    ,1,1/7/2025,                ,                ,
9033689,840003298855008,33689,9,0,1/6/2025,H    ,F     ,81,0,TOGROWR    ,1,1/7/2025,                ,                ,
9033690,840003298855009,33690,9,0,1/6/2025,H    ,F     ,82,0,TOGROWR    ,1,1/7/2025,                ,                ,
9033691,840003298855010,33691,9,0,1/6/2025,H    ,F     ,80,0,TOGROWR    ,1,1/7/2025,                ,                ,
9033692,840003298855011,33692,9,0,1/6/2025,H    ,F     ,59,0,TOGROWR    ,1,1/7/2025,                ,                ,
9033693,840003298855012,33693,9,0,1/6/2025,H    ,F     ,60,0,TOGROWR    ,1,1/7/2025,                ,                ,
9033694,840003298855013,33694,9,0,1/7/2025,H    ,F     ,93,0,TOGROWR    ,1,1/8/2025,                ,                ,
9033695,840003298855014,33695,9,0,1/7/2025,H    ,F     ,81,0,TOGROWR    ,1,1/8/2025,                ,                ,
9033696,840003298855015,33696,9,0,1/7/2025,H    ,F     ,68,0,TOGROWR    ,1,1/8/2025,                ,                ,
9033697,840003298855016,33697,9,0,1/7/2025,H    ,F     ,74,0,TOGROWR    ,1,1/8/2025,                ,                ,
9033698,840003298855017,33698,9,0,1/7/2025,H    ,F     ,89,0,TOGROWR    ,1,1/8/2025,                ,                ,
9033699,840003298855018,33699,9,0,1/8/2025,H    ,F     ,83,0,TOGROWR    ,1,1/9/2025,                ,                ,
9033700,840003298855019,33700,9,0,1/8/2025,H    ,F     ,81,0,TOGROWR    ,1,1/9/2025,                ,                ,
9033701,840003298855020,33701,9,0,1/8/2025,H    ,F     ,90,0,TOGROWR    ,1,1/9/2025,                ,                ,
9033702,840003298855021,33702,9,0,1/8/2025,H    ,F     ,85,0,TOGROWR    ,1,1/9/2025,                ,                ,
9033703,840003298855022,33703,9,0,1/8/2025,H    ,F     ,86,0,TOGROWR    ,1,1/9/2025,                ,                ,
9033705,840003298855024,33705,9,0,1/8/2025,H    ,F     ,70,0,TOGROWR    ,1,1/9/2025,                ,                ,
9033706,840003298855025,33706,9,0,1/9/2025,H    ,F     ,95,0,TOGROWR    ,1,1/10/2025,                ,                ,
9033707,840003298855026,33707,9,0,1/9/2025,H    ,F     ,98,0,TOGROWR    ,1,1/10/2025,                ,                ,
9033708,840003298855027,33708,9,0,1/9/2025,H    ,F     ,85,0,TOGROWR    ,1,1/10/2025,                ,                ,
9033709,840003298855028,33709,9,0,1/9/2025,H    ,F     ,82,0,TOGROWR    ,1,1/10/2025,                ,                ,
9033710,840003298855029,33710,9,0,1/9/2025,H    ,F     ,85,0,TOGROWR    ,1,1/10/2025,                ,                ,
9033711,840003298855030,33711,9,0,1/10/2025,H    ,F     ,96,0,TOGROWR    ,1,1/11/2025,                ,                ,
9033712,840003298855031,33712,9,0,1/10/2025,H    ,F     ,76,0,TOGROWR    ,1,1/11/2025,                ,                ,
9033713,840003298855032,33713,9,0,1/10/2025,H    ,F     ,79,0,TOGROWR    ,1,1/11/2025,                ,                ,
9033714,840003298855033,33714,9,0,1/11/2025,H    ,F     ,83,0,TOGROWR    ,1,1/12/2025,                ,                ,
9033715,840003298855034,33715,9,0,1/11/2025,H    ,F     ,77,0,TOGROWR    ,1,1/12/2025,                ,                ,
9033716,840003298855035,33716,9,0,1/11/2025,H    ,F     ,76,0,TOGROWR    ,1,1/12/2025,                ,                ,
9033717,840003298855036,33717,9,0,1/11/2025,H    ,F     ,85,0,TOGROWR    ,1,1/12/2025,                ,                ,
10000207,840003297404675,207,10,0,12/31/2024,H    ,F     ,91,0,TOGROWR    ,1,1/1/2025,                ,                ,
11007385,840003280024329,7385,11,0,1/1/2025,X    ,F     ,124,0,TOGROWR    ,1,1/2/2025,                ,                ,
11007396,840003280024340,7396,11,0,12/31/2024,X    ,F     ,85,0,TOGROWR    ,1,1/1/2025,                ,                ,
11007397,840003280024341,7397,11,0,12/31/2024,X    ,F     ,76,0,TOGROWR    ,1,1/1/2025,                ,                ,
11007398,840003280024342,7398,11,0,12/31/2024,X    ,F     ,91,0,TOGROWR    ,1,1/1/2025,                ,                ,
11007399,840003280024343,7399,11,0,1/1/2025,X    ,F     ,82,0,TOGROWR    ,1,1/2/2025,                ,                ,
11007400,840003280024344,7400,11,0,1/1/2025,X    ,F     ,90,0,TOGROWR    ,1,1/2/2025,                ,                ,
11007401,840003280024345,7401,11,0,1/1/2025,X    ,F     ,83,0,TOGROWR    ,1,1/2/2025,                ,                ,
11007402,840003280024346,7402,11,0,1/1/2025,X    ,F     ,102,0,TOGROWR    ,1,1/2/2025,                ,                ,
11007403,840003280024347,7403,11,0,1/2/2025,X    ,F     ,81,0,TOGROWR    ,1,1/3/2025,                ,                ,
11007404,840003280024348,7404,11,0,1/2/2025,X    ,F     ,91,0,TOGROWR    ,1,1/3/2025,                ,                ,
11007405,840003280024349,7405,11,0,1/2/2025,X    ,F     ,93,0,TOGROWR    ,1,1/3/2025,                ,                ,
11007406,840003280024350,7406,11,0,1/2/2025,X    ,F     ,97,0,TOGROWR    ,1,1/3/2025,                ,                ,
11007407,840003280024351,7407,11,0,1/2/2025,X    ,F     ,109,0,TOGROWR    ,1,1/3/2025,                ,                ,
11007408,840003280024352,7408,11,0,1/2/2025,X    ,F     ,84,0,TOGROWR    ,1,1/3/2025,                ,                ,
11007409,840003280024353,7409,11,0,1/2/2025,X    ,F     ,104,0,TOGROWR    ,1,1/3/2025,                ,                ,
11007410,840003280024354,7410,11,0,1/3/2025,B    ,F     ,76,0,TOGROWR    ,1,1/4/2025,                ,                ,
11007411,840003280024355,7411,11,0,1/3/2025,B    ,F     ,69,0,TOGROWR    ,1,1/4/2025,                ,                ,
11007412,840003280024356,7412,11,0,1/3/2025,B    ,F     ,67,0,TOGROWR    ,1,1/4/2025,                ,                ,
11007413,840003280024357,7413,11,0,1/3/2025,B    ,F     ,99,0,TOGROWR    ,1,1/4/2025,                ,                ,
11007414,840003280024358,7414,11,0,1/4/2025,B    ,F     ,94,0,TOGROWR    ,1,1/5/2025,                ,                ,
11007415,840003280024359,7415,11,0,1/4/2025,B    ,F     ,100,0,TOGROWR    ,1,1/5/2025,                ,                ,
11007416,840003280024360,7416,11,0,1/4/2025,B    ,F     ,85,0,TOGROWR    ,1,1/5/2025,                ,                ,
11007417,840003280024361,7417,11,0,1/4/2025,B    ,F     ,73,0,TOGROWR    ,1,1/5/2025,                ,                ,
11007418,840003280024362,7418,11,0,1/5/2025,B    ,F     ,83,0,TOGROWR    ,1,1/6/2025,                ,                ,
11007419,840003280024363,7419,11,0,1/5/2025,B    ,F     ,67,0,TOGROWR    ,1,1/6/2025,                ,                ,
11007420,840003280024364,7420,11,0,1/5/2025,B    ,F     ,94,0,TOGROWR    ,1,1/6/2025,                ,                ,
11007421,840003280024365,7421,11,0,1/5/2025,B    ,F     ,70,0,TOGROWR    ,1,1/6/2025,                ,                ,
11007422,840003280024366,7422,11,0,1/5/2025,B    ,F     ,117,0,TOGROWR    ,1,1/6/2025,                ,                ,
11007423,840003280024367,7423,11,0,1/5/2025,B    ,F     ,93,0,TOGROWR    ,3,1/8/2025,                ,                ,
11007424,840003280024368,7424,11,0,1/5/2025,B    ,F     ,81,0,TOGROWR    ,1,1/6/2025,                ,                ,
11007425,840003280024369,7425,11,0,1/6/2025,B    ,F     ,100,0,TOGROWR    ,1,1/7/2025,                ,                ,
11007426,840003280024370,7426,11,0,1/6/2025,B    ,F     ,92,0,TOGROWR    ,1,1/7/2025,                ,                ,
11007427,840003280024371,7427,11,0,1/6/2025,B    ,F     ,107,0,TOGROWR    ,1,1/7/2025,                ,                ,
11007428,840003280024372,7428,11,0,1/7/2025,B    ,F     ,115,0,TOGROWR    ,1,1/8/2025,                ,                ,
11007429,840003280024373,7429,11,0,1/7/2025,B    ,F     ,82,0,TOGROWR    ,1,1/8/2025,                ,                ,
11007430,840003280024374,7430,11,0,1/7/2025,B    ,F     ,65,0,TOGROWR    ,1,1/8/2025,                ,                ,
11007431,840003280024375,7431,11,0,1/7/2025,B    ,F     ,69,0,TOGROWR    ,1,1/8/2025,                ,                ,
11007432,840003280024376,7432,11,0,1/8/2025,B    ,F     ,84,0,TOGROWR    ,1,1/9/2025,                ,                ,
11007433,840003280024377,7433,11,0,1/8/2025,B    ,F     ,85,0,TOGROWR    ,1,1/9/2025,                ,                ,
11007434,840003280024378,7434,11,0,1/8/2025,B    ,F     ,90,0,TOGROWR    ,1,1/9/2025,                ,                ,
11007435,840003280024379,7435,11,0,1/8/2025,B    ,F     ,87,0,TOGROWR    ,1,1/9/2025,                ,                ,
11007436,840003280024380,7436,11,0,1/8/2025,B    ,F     ,82,0,TOGROWR    ,1,1/9/2025,                ,                ,
11007437,840003280024381,7437,11,0,1/9/2025,B    ,F     ,73,0,TOGROWR    ,1,1/10/2025,                ,                ,
11007438,840003280024382,7438,11,0,1/9/2025,B    ,F     ,89,0,TOGROWR    ,1,1/10/2025,                ,                ,
11007439,840003280024383,7439,11,0,1/9/2025,B    ,F     ,92,0,TOGROWR    ,1,1/10/2025,                ,                ,
11007440,840003280024384,7440,11,0,1/9/2025,B    ,F     ,104,0,TOGROWR    ,1,1/10/2025,                ,                ,
11007441,840003280024385,7441,11,0,1/9/2025,B    ,F     ,101,0,TOGROWR    ,1,1/10/2025,                ,                ,
11007442,840003280024386,7442,11,0,1/9/2025,B    ,F     ,99,0,TOGROWR    ,1,1/10/2025,                ,                ,
11007443,840003280024387,7443,11,0,1/9/2025,B    ,F     ,104,0,TOGROWR    ,1,1/10/2025,                ,                ,
11007444,840003280024388,7444,11,0,1/9/2025,B    ,F     ,106,0,TOGROWR    ,1,1/10/2025,                ,                ,
11007445,840003280024389,7445,11,0,1/10/2025,B    ,F     ,110,0,TOGROWR    ,1,1/11/2025,                ,                ,
11007446,840003280024390,7446,11,0,1/10/2025,B    ,F     ,92,0,TOGROWR    ,1,1/11/2025,                ,                ,
11007447,840003280024391,7447,11,0,1/10/2025,B    ,F     ,84,0,TOGROWR    ,1,1/11/2025,                ,                ,
11007448,840003280024392,7448,11,0,1/10/2025,B    ,F     ,91,0,TOGROWR    ,1,1/11/2025,                ,                ,
11007449,840003280024393,7449,11,0,1/10/2025,B    ,F     ,105,0,TOGROWR    ,1,1/11/2025,                ,                ,
11007450,840003280024394,7450,11,0,1/10/2025,B    ,F     ,81,0,TOGROWR    ,1,1/11/2025,                ,                ,
11007451,840003280024395,7451,11,0,1/11/2025,B    ,F     ,90,0,TOGROWR    ,1,1/12/2025,                ,                ,
11007452,840003280024396,7452,11,0,1/11/2025,B    ,F     ,87,0,TOGROWR    ,1,1/12/2025,                ,                ,
11007453,840003280024397,7453,11,0,1/11/2025,B    ,F     ,104,0,TOGROWR    ,1,1/12/2025,                ,                ,
11007454,840003280024398,7454,11,0,1/11/2025,B    ,F     ,68,0,TOGROWR    ,1,1/12/2025,                ,                ,
11011363,840003298868268,11363,11,0,12/31/2024,X    ,F     ,85,0,TOGROWR    ,1,1/1/2025,                ,                ,
11011364,840003298868269,11364,11,0,12/31/2024,X    ,F     ,84,0,TOGROWR    ,1,1/1/2025,                ,                ,
11011365,840003298868270,11365,11,0,12/31/2024,X    ,F     ,81,0,TOGROWR    ,1,1/1/2025,                ,                ,
11011366,840003298868271,11366,11,0,12/31/2024,X    ,F     ,104,0,TOGROWR    ,1,1/1/2025,                ,                ,
11011367,840003298868272,11367,11,0,1/1/2025,X    ,F     ,72,0,TOGROWR    ,1,1/2/2025,                ,                ,
11011368,840003298868273,11368,11,0,1/1/2025,X    ,F     ,93,0,TOGROWR    ,1,1/2/2025,                ,                ,
11011369,840003298868274,11369,11,0,1/1/2025,X    ,F     ,95,0,TOGROWR    ,1,1/2/2025,                ,                ,
11011370,840003298868275,11370,11,0,1/1/2025,X    ,F     ,105,0,TOGROWR    ,1,1/2/2025,                ,                ,
11011371,840003298868276,11371,11,0,1/1/2025,X    ,F     ,92,0,TOGROWR    ,1,1/2/2025,                ,                ,
11011372,840003298868277,11372,11,0,1/1/2025,X    ,F     ,112,0,TOGROWR    ,1,1/2/2025,                ,                ,
11011373,840003298868278,11373,11,0,1/1/2025,X    ,F     ,83,0,TOGROWR    ,1,1/2/2025,                ,                ,
11011374,840003298868279,11374,11,0,1/2/2025,X    ,F     ,103,0,TOGROWR    ,1,1/3/2025,                ,                ,
11011375,840003298868280,11375,11,0,1/2/2025,X    ,F     ,95,0,TOGROWR    ,1,1/3/2025,                ,                ,
11011376,840003298868281,11376,11,0,1/2/2025,X    ,F     ,81,0,TOGROWR    ,1,1/3/2025,                ,                ,
11011377,840003298868282,11377,11,0,1/2/2025,X    ,F     ,93,0,TOGROWR    ,1,1/3/2025,                ,                ,
11011378,840003298868283,11378,11,0,1/2/2025,X    ,F     ,78,0,TOGROWR    ,1,1/3/2025,                ,                ,
11011379,840003298868284,11379,11,0,1/3/2025,B    ,F     ,96,0,TOGROWR    ,1,1/4/2025,                ,                ,
11011380,840003298868285,11380,11,0,1/2/2025,X    ,F     ,97,0,TOGROWR    ,1,1/3/2025,                ,                ,
11011381,840003298868286,11381,11,0,1/3/2025,B    ,F     ,85,0,TOGROWR    ,1,1/4/2025,                ,                ,
11011382,840003298868287,11382,11,0,1/3/2025,B    ,F     ,101,0,TOGROWR    ,1,1/4/2025,                ,                ,
11011383,840003298868288,11383,11,0,1/3/2025,B    ,F     ,96,0,TOGROWR    ,1,1/4/2025,                ,                ,
11011384,840003298868289,11384,11,0,1/3/2025,B    ,F     ,83,0,TOGROWR    ,1,1/4/2025,                ,                ,
11011385,840003298868290,11385,11,0,1/4/2025,B    ,F     ,104,0,TOGROWR    ,1,1/5/2025,                ,                ,
11011386,840003298868291,11386,11,0,1/4/2025,B    ,F     ,103,0,TOGROWR    ,1,1/5/2025,                ,                ,
11011387,840003298868292,11387,11,0,1/4/2025,B    ,F     ,92,0,TOGROWR    ,1,1/5/2025,                ,                ,
11011388,840003298868293,11388,11,0,1/4/2025,B    ,F     ,98,0,TOGROWR    ,1,1/5/2025,                ,                ,
11011389,840003298868294,11389,11,0,1/4/2025,B    ,F     ,85,0,TOGROWR    ,1,1/5/2025,                ,                ,
11011390,840003298868295,11390,11,0,1/5/2025,B    ,F     ,80,0,TOGROWR    ,1,1/6/2025,                ,                ,
11011391,840003298868296,11391,11,0,1/5/2025,B    ,F     ,100,0,TOGROWR    ,1,1/6/2025,                ,                ,
11011392,840003298868297,11392,11,0,1/5/2025,B    ,F     ,89,0,TOGROWR    ,1,1/6/2025,                ,                ,
11011393,840003298868298,11393,11,0,1/5/2025,B    ,F     ,90,0,TOGROWR    ,1,1/6/2025,                ,                ,
11011394,840003298868299,11394,11,0,1/5/2025,B    ,F     ,96,0,TOGROWR    ,1,1/6/2025,                ,                ,
11011395,840003298868300,11395,11,0,1/5/2025,B    ,F     ,97,0,TOGROWR    ,1,1/6/2025,                ,                ,
11011396,840003298868301,11396,11,0,1/5/2025,B    ,F     ,101,0,TOGROWR    ,1,1/6/2025,                ,                ,
11011397,840003298868302,11397,11,0,1/5/2025,B    ,F     ,104,0,TOGROWR    ,1,1/6/2025,                ,                ,
11011398,840003298868303,11398,11,0,1/6/2025,B    ,F     ,113,0,TOGROWR    ,1,1/7/2025,                ,                ,
11011399,840003298868304,11399,11,0,1/6/2025,B    ,F     ,89,0,TOGROWR    ,1,1/7/2025,                ,                ,
11011400,840003298868305,11400,11,0,1/6/2025,B    ,F     ,83,0,TOGROWR    ,1,1/7/2025,                ,                ,
11011401,840003298868306,11401,11,0,1/6/2025,B    ,F     ,85,0,TOGROWR    ,1,1/7/2025,                ,                ,
11011402,840003298868307,11402,11,0,1/6/2025,B    ,F     ,90,0,TOGROWR    ,1,1/7/2025,                ,                ,
11011403,840003298868309,11403,11,0,1/6/2025,B    ,F     ,78,0,TOGROWR    ,1,1/7/2025,                ,                ,
11011404,840003298868308,11404,11,0,1/6/2025,B    ,F     ,98,0,TOGROWR    ,1,1/7/2025,                ,                ,
11011405,840003298868310,11405,11,0,1/6/2025,B    ,F     ,90,0,TOGROWR    ,1,1/7/2025,                ,                ,
11011406,840003298868311,11406,11,0,1/6/2025,B    ,F     ,70,0,TOGROWR    ,1,1/7/2025,                ,                ,
11011407,840003298868312,11407,11,0,1/6/2025,B    ,F     ,94,0,TOGROWR    ,1,1/7/2025,                ,                ,
11011408,840003298868313,11408,11,0,1/6/2025,B    ,F     ,107,0,TOGROWR    ,1,1/7/2025,                ,                ,
11011409,840003298868314,11409,11,0,1/7/2025,B    ,F     ,99,0,TOGROWR    ,1,1/8/2025,                ,                ,
11011410,840003298868315,11410,11,0,1/7/2025,B    ,F     ,78,0,TOGROWR    ,1,1/8/2025,                ,                ,
11011411,840003298868316,11411,11,0,1/7/2025,B    ,F     ,93,0,TOGROWR    ,1,1/8/2025,                ,                ,
11011412,840003298868317,11412,11,0,1/7/2025,B    ,F     ,97,0,TOGROWR    ,1,1/8/2025,                ,                ,
11011413,840003298868318,11413,11,0,1/7/2025,B    ,F     ,75,0,TOGROWR    ,1,1/8/2025,                ,                ,
11011414,840003298868319,11414,11,0,1/7/2025,B    ,F     ,85,0,TOGROWR    ,1,1/8/2025,                ,                ,
11011415,840003298868320,11415,11,0,1/8/2025,B    ,F     ,64,0,TOGROWR    ,1,1/9/2025,                ,                ,
11011416,840003298868321,11416,11,0,1/8/2025,B    ,F     ,91,0,TOGROWR    ,1,1/9/2025,                ,                ,
11011417,840003298868322,11417,11,0,1/8/2025,B    ,F     ,71,0,TOGROWR    ,1,1/9/2025,                ,                ,
11011418,840003298868323,11418,11,0,1/8/2025,B    ,F     ,102,0,TOGROWR    ,1,1/9/2025,                ,                ,
11011419,840003298868324,11419,11,0,1/8/2025,B    ,F     ,95,0,TOGROWR    ,1,1/9/2025,                ,                ,
11011420,840003298868325,11420,11,0,1/8/2025,B    ,F     ,81,0,TOGROWR    ,1,1/9/2025,                ,                ,
11011421,840003298868326,11421,11,0,1/9/2025,B    ,F     ,78,0,TOGROWR    ,1,1/10/2025,                ,                ,
11011422,840003298868327,11422,11,0,1/9/2025,B    ,F     ,100,0,TOGROWR    ,1,1/10/2025,                ,                ,
11011423,840003298868328,11423,11,0,1/9/2025,B    ,F     ,98,0,TOGROWR    ,1,1/10/2025,                ,                ,
11011424,840003298868329,11424,11,0,1/9/2025,B    ,F     ,78,0,TOGROWR    ,1,1/10/2025,                ,                ,
11011425,840003298868330,11425,11,0,1/9/2025,B    ,F     ,85,0,TOGROWR    ,1,1/10/2025,                ,                ,
11011426,840003298868331,11426,11,0,1/9/2025,B    ,F     ,106,0,TOGROWR    ,1,1/10/2025,                ,                ,
11011427,840003298868332,11427,11,0,1/9/2025,B    ,F     ,80,0,TOGROWR    ,1,1/10/2025,                ,                ,
11011428,840003298868333,11428,11,0,1/9/2025,B    ,F     ,75,0,TOGROWR    ,1,1/10/2025,                ,                ,
11011429,840003298868334,11429,11,0,1/9/2025,B    ,F     ,70,0,TOGROWR    ,1,1/10/2025,                ,                ,
11011430,840003298868335,11430,11,0,1/10/2025,B    ,F     ,72,0,TOGROWR    ,1,1/11/2025,                ,                ,
11011431,840003298868336,11431,11,0,1/10/2025,B    ,F     ,95,0,TOGROWR    ,1,1/11/2025,                ,                ,
11011432,840003298868337,11432,11,0,1/10/2025,B    ,F     ,91,0,TOGROWR    ,1,1/11/2025,                ,                ,
11011433,840003298868338,11433,11,0,1/10/2025,B    ,F     ,97,0,TOGROWR    ,1,1/11/2025,                ,                ,
11011435,840003298868340,11435,11,0,1/10/2025,B    ,F     ,87,0,TOGROWR    ,1,1/11/2025,                ,                ,
11011436,840003298868341,11436,11,0,1/10/2025,B    ,F     ,104,0,TOGROWR    ,1,1/11/2025,                ,                ,
11011437,840003298868342,11437,11,0,1/10/2025,B    ,F     ,80,0,TOGROWR    ,1,1/11/2025,                ,                ,
11011438,840003298868343,11438,11,0,1/10/2025,B    ,F     ,95,0,TOGROWR    ,1,1/11/2025,                ,                ,
11011439,840003298868344,11439,11,0,1/10/2025,B    ,F     ,95,0,TOGROWR    ,1,1/11/2025,                ,                ,
11011440,840003298868345,11440,11,0,1/10/2025,B    ,F     ,109,0,TOGROWR    ,1,1/11/2025,                ,                ,
11011441,840003298868346,11441,11,0,1/10/2025,B    ,F     ,97,0,TOGROWR    ,1,1/11/2025,                ,                ,
11011442,840003298868347,11442,11,0,1/10/2025,B    ,F     ,84,0,TOGROWR    ,1,1/11/2025,                ,                ,
11011444,840003298868349,11444,11,0,1/11/2025,B    ,F     ,92,0,TOGROWR    ,1,1/12/2025,                ,                ,
11011445,840003298868350,11445,11,0,1/11/2025,B    ,F     ,95,0,TOGROWR    ,1,1/12/2025,                ,                ,
11011446,840003298868351,11446,11,0,1/11/2025,B    ,F     ,52,0,TOGROWR    ,1,1/12/2025,                ,                ,
11011447,840003298868352,11447,11,0,1/11/2025,B    ,F     ,86,0,TOGROWR    ,1,1/12/2025,                ,                ,
11011448,840003298868353,11448,11,0,1/11/2025,B    ,F     ,106,0,TOGROWR    ,1,1/12/2025,                ,                ,
11011449,840003298868354,11449,11,0,1/11/2025,B    ,F     ,104,0,TOGROWR    ,1,1/12/2025,                ,                ,
11011450,840003298868355,11450,11,0,1/11/2025,B    ,F     ,82,0,TOGROWR    ,1,1/12/2025,                ,                ,
11011451,840003298868356,11451,11,0,1/11/2025,B    ,F     ,77,0,TOGROWR    ,1,1/12/2025,                ,                ,
15000302,840003290176931,302,15,0,1/7/2025,H    ,F     ,87,0,TOGROWR    ,1,1/8/2025,                ,                ,
15008011,840003290176937,8011,15,0,1/7/2025,H    ,F     ,90,0,TOGROWR    ,1,1/8/2025,                ,                ,
15008012,840003290176996,8012,15,0,1/7/2025,H    ,F     ,96,0,TOGROWR    ,1,1/8/2025,                ,                ,
15008013,840003290176983,8013,15,0,1/8/2025,H    ,F     ,80,0,TOGROWR    ,1,1/9/2025,                ,                ,
15008014,840003290176988,8014,15,0,1/8/2025,H    ,F     ,90,0,TOGROWR    ,1,1/9/2025,                ,                ,
15008015,840003290176997,8015,15,0,1/8/2025,H    ,F     ,79,0,TOGROWR    ,1,1/9/2025,                ,                ,
15008016,840003290176965,8016,15,0,1/9/2025,H    ,F     ,89,0,TOGROWR    ,1,1/10/2025,                ,                ,
15008017,840003290176967,8017,15,0,1/9/2025,H    ,F     ,89,0,TOGROWR    ,1,1/10/2025,                ,                ,
15008018,840003290176992,8018,15,0,1/9/2025,H    ,F     ,74,0,TOGROWR    ,1,1/10/2025,                ,                ,
15008019,840003290176949,8019,15,0,1/9/2025,H    ,F     ,93,0,TOGROWR    ,1,1/10/2025,                ,                ,
15008020,840003290176922,8020,15,0,1/10/2025,H    ,F     ,95,0,TOGROWR    ,1,1/11/2025,                ,                ,
15008021,840003290176980,8021,15,0,1/10/2025,H    ,F     ,92,0,TOGROWR    ,1,1/11/2025,                ,                ,
15008022,840003290176985,8022,15,0,1/11/2025,H    ,F     ,80,0,TOGROWR    ,1,1/12/2025,                ,                ,
15008023,840003290176999,8023,15,0,1/11/2025,H    ,F     ,101,0,TOGROWR    ,1,1/12/2025,                ,                ,
86011434,840003298868339,11434,86,0,1/10/2025,B    ,F     ,86,0,TOGROWR    ,1,1/11/2025,                ,                ,
